id,path,resolved_path,exists,width,height,aspect_ratio,mode,question_type
train_0001.jpg,train/train_0001.jpg,c:\Users\SSAFY\Desktop\2026-ssafy-ai-15-2\colab\train\train_0001.jpg,True,720,960,0.75,RGB,material
train_0002.jpg,train/train_0002.jpg,c:\Users\SSAFY\Desktop\2026-ssafy-ai-15-2\colab\train\train_0002.jpg,True,720,960,0.75,RGB,classification
train_0003.jpg,train/train_0003.jpg,c:\Users\SSAFY\Desktop\2026-ssafy-ai-15-2\colab\train\train_0003.jpg,True,720,1280,0.5625,RGB,material
train_0004.jpg,train/train_0004.jpg,c:\Users\SSAFY\Desktop\2026-ssafy-ai-15-2\colab\train\train_0004.jpg,True,960,720,1.3333,RGB,classification
train_0005.jpg,train/train_0005.jpg,c:\Users\SSAFY\Desktop\2026-ssafy-ai-15-2\colab\train\train_0005.jpg,True,720,960,0.75,RGB,classification
train_0006.jpg,train/train_0006.jpg,c:\Users\SSAFY\Desktop\2026-ssafy-ai-15-2\colab\train\train_0006.jpg,True,720,960,0.75,RGB,material
train_0007.jpg,train/train_0007.jpg,c:\Users\SSAFY\Desktop\2026-ssafy-ai-15-2\colab\train\train_0007.jpg,True,720,960,0.75,RGB,classification
train_0008.jpg,train/train_0008.jpg,c:\Users\SSAFY\Desktop\2026-ssafy-ai-15-2\colab\train\train_0008.jpg,True,720,960,0.75,RGB,count
train_0009.jpg,train/train_0009.jpg,c:\Users\SSAFY\Desktop\2026-ssafy-ai-15-2\colab\train\train_0009.jpg,True,720,960,0.75,RGB,material
train_0010.jpg,train/train_0010.jpg,c:\Users\SSAFY\Desktop\2026-ssafy-ai-15-2\colab\train\train_0010.jpg,True,720,960,0.75,RGB,color
train_0011.jpg,train/train_0011.jpg,c:\Users\SSAFY\Desktop\2026-ssafy-ai-15-2\colab\train\train_0011.jpg,True,720,960,0.75,RGB,count
train_0012.jpg,train/train_0012.jpg,c:\Users\SSAFY\Desktop\2026-ssafy-ai-15-2\colab\train\train_0012.jpg,True,720,960,0.75,RGB,material
train_0013.jpg,train/train_0013.jpg,c:\Users\SSAFY\Desktop\2026-ssafy-ai-15-2\colab\train\train_0013.jpg,True,720,960,0.75,RGB,count
train_0014.jpg,train/train_0014.jpg,c:\Users\SSAFY\Desktop\2026-ssafy-ai-15-2\colab\train\train_0014.jpg,True,720,960,0.75,RGB,classification
train_0015.jpg,train/train_0015.jpg,c:\Users\SSAFY\Desktop\2026-ssafy-ai-15-2\colab\train\train_0015.jpg,True,720,720,1.0,RGB,count
train_0016.jpg,train/train_0016.jpg,c:\Users\SSAFY\Desktop\2026-ssafy-ai-15-2\colab\train\train_0016.jpg,True,720,960,0.75,RGB,color
train_0017.jpg,train/train_0017.jpg,c:\Users\SSAFY\Desktop\2026-ssafy-ai-15-2\colab\train\train_0017.jpg,True,720,960,0.75,RGB,classification
train_0018.jpg,train/train_0018.jpg,c:\Users\SSAFY\Desktop\2026-ssafy-ai-15-2\colab\train\train_0018.jpg,True,720,960,0.75,RGB,count
train_0019.jpg,train/train_0019.jpg,c:\Users\SSAFY\Desktop\2026-ssafy-ai-15-2\colab\train\train_0019.jpg,True,720,960,0.75,RGB,classification
train_0020.jpg,train/train_0020.jpg,c:\Users\SSAFY\Desktop\2026-ssafy-ai-15-2\colab\train\train_0020.jpg,True,720,960,0.75,RGB,other
train_0021.jpg,train/train_0021.jpg,c:\Users\SSAFY\Desktop\2026-ssafy-ai-15-2\colab\train\train_0021.jpg,True,720,1278,0.5634,RGB,count
train_0022.jpg,train/train_0022.jpg,c:\Users\SSAFY\Desktop\2026-ssafy-ai-15-2\colab\train\train_0022.jpg,True,720,960,0.75,RGB,color
train_0023.jpg,train/train_0023.jpg,c:\Users\SSAFY\Desktop\2026-ssafy-ai-15-2\colab\train\train_0023.jpg,True,720,960,0.75,RGB,material
train_0024.jpg,train/train_0024.jpg,c:\Users\SSAFY\Desktop\2026-ssafy-ai-15-2\colab\train\train_0024.jpg,True,720,960,0.75,RGB,classification
train_0025.jpg,train/train_0025.jpg,c:\Users\SSAFY\Desktop\2026-ssafy-ai-15-2\colab\train\train_0025.jpg,True,720,720,1.0,RGB,material
train_0026.jpg,train/train_0026.jpg,c:\Users\SSAFY\Desktop\2026-ssafy-ai-15-2\colab\train\train_0026.jpg,True,1081,720,1.5014,RGB,count
train_0027.jpg,train/train_0027.jpg,c:\Users\SSAFY\Desktop\2026-ssafy-ai-15-2\colab\train\train_0027.jpg,True,960,720,1.3333,RGB,classification
train_0028.jpg,train/train_0028.jpg,c:\Users\SSAFY\Desktop\2026-ssafy-ai-15-2\colab\train\train_0028.jpg,True,720,960,0.75,RGB,count
train_0029.jpg,train/train_0029.jpg,c:\Users\SSAFY\Desktop\2026-ssafy-ai-15-2\colab\train\train_0029.jpg,True,720,960,0.75,RGB,count
train_0030.jpg,train/train_0030.jpg,c:\Users\SSAFY\Desktop\2026-ssafy-ai-15-2\colab\train\train_0030.jpg,True,720,960,0.75,RGB,classification
train_0031.jpg,train/train_0031.jpg,c:\Users\SSAFY\Desktop\2026-ssafy-ai-15-2\colab\train\train_0031.jpg,True,720,960,0.75,RGB,count
train_0032.jpg,train/train_0032.jpg,c:\Users\SSAFY\Desktop\2026-ssafy-ai-15-2\colab\train\train_0032.jpg,True,928,720,1.2889,RGB,count
train_0033.jpg,train/train_0033.jpg,c:\Users\SSAFY\Desktop\2026-ssafy-ai-15-2\colab\train\train_0033.jpg,True,720,960,0.75,RGB,material
train_0034.jpg,train/train_0034.jpg,c:\Users\SSAFY\Desktop\2026-ssafy-ai-15-2\colab\train\train_0034.jpg,True,960,720,1.3333,RGB,count
train_0035.jpg,train/train_0035.jpg,c:\Users\SSAFY\Desktop\2026-ssafy-ai-15-2\colab\train\train_0035.jpg,True,960,720,1.3333,RGB,count
train_0036.jpg,train/train_0036.jpg,c:\Users\SSAFY\Desktop\2026-ssafy-ai-15-2\colab\train\train_0036.jpg,True,720,960,0.75,RGB,color
train_0037.jpg,train/train_0037.jpg,c:\Users\SSAFY\Desktop\2026-ssafy-ai-15-2\colab\train\train_0037.jpg,True,720,960,0.75,RGB,material
train_0038.jpg,train/train_0038.jpg,c:\Users\SSAFY\Desktop\2026-ssafy-ai-15-2\colab\train\train_0038.jpg,True,720,960,0.75,RGB,material
train_0039.jpg,train/train_0039.jpg,c:\Users\SSAFY\Desktop\2026-ssafy-ai-15-2\colab\train\train_0039.jpg,True,720,960,0.75,RGB,classification
train_0040.jpg,train/train_0040.jpg,c:\Users\SSAFY\Desktop\2026-ssafy-ai-15-2\colab\train\train_0040.jpg,True,720,960,0.75,RGB,material
train_0041.jpg,train/train_0041.jpg,c:\Users\SSAFY\Desktop\2026-ssafy-ai-15-2\colab\train\train_0041.jpg,True,720,960,0.75,RGB,count
train_0042.jpg,train/train_0042.jpg,c:\Users\SSAFY\Desktop\2026-ssafy-ai-15-2\colab\train\train_0042.jpg,True,720,960,0.75,RGB,count
train_0043.jpg,train/train_0043.jpg,c:\Users\SSAFY\Desktop\2026-ssafy-ai-15-2\colab\train\train_0043.jpg,True,720,960,0.75,RGB,material
train_0044.jpg,train/train_0044.jpg,c:\Users\SSAFY\Desktop\2026-ssafy-ai-15-2\colab\train\train_0044.jpg,True,720,960,0.75,RGB,material
train_0045.jpg,train/train_0045.jpg,c:\Users\SSAFY\Desktop\2026-ssafy-ai-15-2\colab\train\train_0045.jpg,True,720,960,0.75,RGB,classification
train_0046.jpg,train/train_0046.jpg,c:\Users\SSAFY\Desktop\2026-ssafy-ai-15-2\colab\train\train_0046.jpg,True,720,960,0.75,RGB,count
train_0047.jpg,train/train_0047.jpg,c:\Users\SSAFY\Desktop\2026-ssafy-ai-15-2\colab\train\train_0047.jpg,True,720,960,0.75,RGB,count
train_0048.jpg,train/train_0048.jpg,c:\Users\SSAFY\Desktop\2026-ssafy-ai-15-2\colab\train\train_0048.jpg,True,720,960,0.75,RGB,other
train_0049.jpg,train/train_0049.jpg,c:\Users\SSAFY\Desktop\2026-ssafy-ai-15-2\colab\train\train_0049.jpg,True,720,960,0.75,RGB,classification
train_0050.jpg,train/train_0050.jpg,c:\Users\SSAFY\Desktop\2026-ssafy-ai-15-2\colab\train\train_0050.jpg,True,960,720,1.3333,RGB,other
train_0051.jpg,train/train_0051.jpg,c:\Users\SSAFY\Desktop\2026-ssafy-ai-15-2\colab\train\train_0051.jpg,True,720,960,0.75,RGB,material
train_0052.jpg,train/train_0052.jpg,c:\Users\SSAFY\Desktop\2026-ssafy-ai-15-2\colab\train\train_0052.jpg,True,720,960,0.75,RGB,classification
train_0053.jpg,train/train_0053.jpg,c:\Users\SSAFY\Desktop\2026-ssafy-ai-15-2\colab\train\train_0053.jpg,True,720,1278,0.5634,RGB,count
train_0054.jpg,train/train_0054.jpg,c:\Users\SSAFY\Desktop\2026-ssafy-ai-15-2\colab\train\train_0054.jpg,True,720,960,0.75,RGB,color
train_0055.jpg,train/train_0055.jpg,c:\Users\SSAFY\Desktop\2026-ssafy-ai-15-2\colab\train\train_0055.jpg,True,720,960,0.75,RGB,count
train_0056.jpg,train/train_0056.jpg,c:\Users\SSAFY\Desktop\2026-ssafy-ai-15-2\colab\train\train_0056.jpg,True,720,960,0.75,RGB,material
train_0057.jpg,train/train_0057.jpg,c:\Users\SSAFY\Desktop\2026-ssafy-ai-15-2\colab\train\train_0057.jpg,True,960,720,1.3333,RGB,count
train_0058.jpg,train/train_0058.jpg,c:\Users\SSAFY\Desktop\2026-ssafy-ai-15-2\colab\train\train_0058.jpg,True,960,720,1.3333,RGB,count
train_0059.jpg,train/train_0059.jpg,c:\Users\SSAFY\Desktop\2026-ssafy-ai-15-2\colab\train\train_0059.jpg,True,720,960,0.75,RGB,count
train_0060.jpg,train/train_0060.jpg,c:\Users\SSAFY\Desktop\2026-ssafy-ai-15-2\colab\train\train_0060.jpg,True,720,720,1.0,RGB,count
train_0061.jpg,train/train_0061.jpg,c:\Users\SSAFY\Desktop\2026-ssafy-ai-15-2\colab\train\train_0061.jpg,True,720,960,0.75,RGB,classification
train_0062.jpg,train/train_0062.jpg,c:\Users\SSAFY\Desktop\2026-ssafy-ai-15-2\colab\train\train_0062.jpg,True,720,960,0.75,RGB,classification
train_0063.jpg,train/train_0063.jpg,c:\Users\SSAFY\Desktop\2026-ssafy-ai-15-2\colab\train\train_0063.jpg,True,720,960,0.75,RGB,count
train_0064.jpg,train/train_0064.jpg,c:\Users\SSAFY\Desktop\2026-ssafy-ai-15-2\colab\train\train_0064.jpg,True,720,960,0.75,RGB,classification
train_0065.jpg,train/train_0065.jpg,c:\Users\SSAFY\Desktop\2026-ssafy-ai-15-2\colab\train\train_0065.jpg,True,720,960,0.75,RGB,count
train_0066.jpg,train/train_0066.jpg,c:\Users\SSAFY\Desktop\2026-ssafy-ai-15-2\colab\train\train_0066.jpg,True,720,960,0.75,RGB,material
train_0067.jpg,train/train_0067.jpg,c:\Users\SSAFY\Desktop\2026-ssafy-ai-15-2\colab\train\train_0067.jpg,True,960,720,1.3333,RGB,count
train_0068.jpg,train/train_0068.jpg,c:\Users\SSAFY\Desktop\2026-ssafy-ai-15-2\colab\train\train_0068.jpg,True,1278,720,1.775,RGB,color
train_0069.jpg,train/train_0069.jpg,c:\Users\SSAFY\Desktop\2026-ssafy-ai-15-2\colab\train\train_0069.jpg,True,720,960,0.75,RGB,classification
train_0070.jpg,train/train_0070.jpg,c:\Users\SSAFY\Desktop\2026-ssafy-ai-15-2\colab\train\train_0070.jpg,True,720,960,0.75,RGB,other
train_0071.jpg,train/train_0071.jpg,c:\Users\SSAFY\Desktop\2026-ssafy-ai-15-2\colab\train\train_0071.jpg,True,960,720,1.3333,RGB,count
train_0072.jpg,train/train_0072.jpg,c:\Users\SSAFY\Desktop\2026-ssafy-ai-15-2\colab\train\train_0072.jpg,True,960,720,1.3333,RGB,material
train_0073.jpg,train/train_0073.jpg,c:\Users\SSAFY\Desktop\2026-ssafy-ai-15-2\colab\train\train_0073.jpg,True,1599,720,2.2208,RGB,other
train_0074.jpg,train/train_0074.jpg,c:\Users\SSAFY\Desktop\2026-ssafy-ai-15-2\colab\train\train_0074.jpg,True,720,960,0.75,RGB,color
train_0075.jpg,train/train_0075.jpg,c:\Users\SSAFY\Desktop\2026-ssafy-ai-15-2\colab\train\train_0075.jpg,True,720,960,0.75,RGB,classification
train_0076.jpg,train/train_0076.jpg,c:\Users\SSAFY\Desktop\2026-ssafy-ai-15-2\colab\train\train_0076.jpg,True,720,960,0.75,RGB,count
train_0077.jpg,train/train_0077.jpg,c:\Users\SSAFY\Desktop\2026-ssafy-ai-15-2\colab\train\train_0077.jpg,True,1132,720,1.5722,RGB,other
train_0078.jpg,train/train_0078.jpg,c:\Users\SSAFY\Desktop\2026-ssafy-ai-15-2\colab\train\train_0078.jpg,True,720,960,0.75,RGB,material
train_0079.jpg,train/train_0079.jpg,c:\Users\SSAFY\Desktop\2026-ssafy-ai-15-2\colab\train\train_0079.jpg,True,720,960,0.75,RGB,material
train_0080.jpg,train/train_0080.jpg,c:\Users\SSAFY\Desktop\2026-ssafy-ai-15-2\colab\train\train_0080.jpg,True,720,960,0.75,RGB,material
train_0081.jpg,train/train_0081.jpg,c:\Users\SSAFY\Desktop\2026-ssafy-ai-15-2\colab\train\train_0081.jpg,True,720,1280,0.5625,RGB,material
train_0082.jpg,train/train_0082.jpg,c:\Users\SSAFY\Desktop\2026-ssafy-ai-15-2\colab\train\train_0082.jpg,True,720,960,0.75,RGB,count
train_0083.jpg,train/train_0083.jpg,c:\Users\SSAFY\Desktop\2026-ssafy-ai-15-2\colab\train\train_0083.jpg,True,720,960,0.75,RGB,count
train_0084.jpg,train/train_0084.jpg,c:\Users\SSAFY\Desktop\2026-ssafy-ai-15-2\colab\train\train_0084.jpg,True,720,720,1.0,RGB,material
train_0085.jpg,train/train_0085.jpg,c:\Users\SSAFY\Desktop\2026-ssafy-ai-15-2\colab\train\train_0085.jpg,True,720,960,0.75,RGB,classification
train_0086.jpg,train/train_0086.jpg,c:\Users\SSAFY\Desktop\2026-ssafy-ai-15-2\colab\train\train_0086.jpg,True,960,720,1.3333,RGB,count
train_0087.jpg,train/train_0087.jpg,c:\Users\SSAFY\Desktop\2026-ssafy-ai-15-2\colab\train\train_0087.jpg,True,720,960,0.75,RGB,material
train_0088.jpg,train/train_0088.jpg,c:\Users\SSAFY\Desktop\2026-ssafy-ai-15-2\colab\train\train_0088.jpg,True,720,960,0.75,RGB,material
train_0089.jpg,train/train_0089.jpg,c:\Users\SSAFY\Desktop\2026-ssafy-ai-15-2\colab\train\train_0089.jpg,True,720,1278,0.5634,RGB,count
train_0090.jpg,train/train_0090.jpg,c:\Users\SSAFY\Desktop\2026-ssafy-ai-15-2\colab\train\train_0090.jpg,True,720,960,0.75,RGB,material
train_0091.jpg,train/train_0091.jpg,c:\Users\SSAFY\Desktop\2026-ssafy-ai-15-2\colab\train\train_0091.jpg,True,720,960,0.75,RGB,material
train_0092.jpg,train/train_0092.jpg,c:\Users\SSAFY\Desktop\2026-ssafy-ai-15-2\colab\train\train_0092.jpg,True,720,960,0.75,RGB,material
train_0093.jpg,train/train_0093.jpg,c:\Users\SSAFY\Desktop\2026-ssafy-ai-15-2\colab\train\train_0093.jpg,True,720,1280,0.5625,RGB,material
train_0094.jpg,train/train_0094.jpg,c:\Users\SSAFY\Desktop\2026-ssafy-ai-15-2\colab\train\train_0094.jpg,True,720,960,0.75,RGB,count
train_0095.jpg,train/train_0095.jpg,c:\Users\SSAFY\Desktop\2026-ssafy-ai-15-2\colab\train\train_0095.jpg,True,1278,720,1.775,RGB,count
train_0096.jpg,train/train_0096.jpg,c:\Users\SSAFY\Desktop\2026-ssafy-ai-15-2\colab\train\train_0096.jpg,True,1600,720,2.2222,RGB,classification
train_0097.jpg,train/train_0097.jpg,c:\Users\SSAFY\Desktop\2026-ssafy-ai-15-2\colab\train\train_0097.jpg,True,720,960,0.75,RGB,classification
train_0098.jpg,train/train_0098.jpg,c:\Users\SSAFY\Desktop\2026-ssafy-ai-15-2\colab\train\train_0098.jpg,True,720,960,0.75,RGB,count
train_0099.jpg,train/train_0099.jpg,c:\Users\SSAFY\Desktop\2026-ssafy-ai-15-2\colab\train\train_0099.jpg,True,720,960,0.75,RGB,count
train_0100.jpg,train/train_0100.jpg,c:\Users\SSAFY\Desktop\2026-ssafy-ai-15-2\colab\train\train_0100.jpg,True,720,960,0.75,RGB,location
train_0101.jpg,train/train_0101.jpg,c:\Users\SSAFY\Desktop\2026-ssafy-ai-15-2\colab\train\train_0101.jpg,True,720,960,0.75,RGB,classification
train_0102.jpg,train/train_0102.jpg,c:\Users\SSAFY\Desktop\2026-ssafy-ai-15-2\colab\train\train_0102.jpg,True,720,960,0.75,RGB,material
train_0103.jpg,train/train_0103.jpg,c:\Users\SSAFY\Desktop\2026-ssafy-ai-15-2\colab\train\train_0103.jpg,True,720,960,0.75,RGB,classification
train_0104.jpg,train/train_0104.jpg,c:\Users\SSAFY\Desktop\2026-ssafy-ai-15-2\colab\train\train_0104.jpg,True,720,960,0.75,RGB,material
train_0105.jpg,train/train_0105.jpg,c:\Users\SSAFY\Desktop\2026-ssafy-ai-15-2\colab\train\train_0105.jpg,True,720,960,0.75,RGB,count
train_0106.jpg,train/train_0106.jpg,c:\Users\SSAFY\Desktop\2026-ssafy-ai-15-2\colab\train\train_0106.jpg,True,720,960,0.75,RGB,count
train_0107.jpg,train/train_0107.jpg,c:\Users\SSAFY\Desktop\2026-ssafy-ai-15-2\colab\train\train_0107.jpg,True,720,1278,0.5634,RGB,classification
train_0108.jpg,train/train_0108.jpg,c:\Users\SSAFY\Desktop\2026-ssafy-ai-15-2\colab\train\train_0108.jpg,True,720,960,0.75,RGB,material
train_0109.jpg,train/train_0109.jpg,c:\Users\SSAFY\Desktop\2026-ssafy-ai-15-2\colab\train\train_0109.jpg,True,720,960,0.75,RGB,material
train_0110.jpg,train/train_0110.jpg,c:\Users\SSAFY\Desktop\2026-ssafy-ai-15-2\colab\train\train_0110.jpg,True,720,960,0.75,RGB,classification
train_0111.jpg,train/train_0111.jpg,c:\Users\SSAFY\Desktop\2026-ssafy-ai-15-2\colab\train\train_0111.jpg,True,720,960,0.75,RGB,count
train_0112.jpg,train/train_0112.jpg,c:\Users\SSAFY\Desktop\2026-ssafy-ai-15-2\colab\train\train_0112.jpg,True,720,960,0.75,RGB,material
train_0113.jpg,train/train_0113.jpg,c:\Users\SSAFY\Desktop\2026-ssafy-ai-15-2\colab\train\train_0113.jpg,True,720,960,0.75,RGB,material
train_0114.jpg,train/train_0114.jpg,c:\Users\SSAFY\Desktop\2026-ssafy-ai-15-2\colab\train\train_0114.jpg,True,720,960,0.75,RGB,location
train_0115.jpg,train/train_0115.jpg,c:\Users\SSAFY\Desktop\2026-ssafy-ai-15-2\colab\train\train_0115.jpg,True,720,960,0.75,RGB,classification
train_0116.jpg,train/train_0116.jpg,c:\Users\SSAFY\Desktop\2026-ssafy-ai-15-2\colab\train\train_0116.jpg,True,720,960,0.75,RGB,material
train_0117.jpg,train/train_0117.jpg,c:\Users\SSAFY\Desktop\2026-ssafy-ai-15-2\colab\train\train_0117.jpg,True,720,1280,0.5625,RGB,count
train_0118.jpg,train/train_0118.jpg,c:\Users\SSAFY\Desktop\2026-ssafy-ai-15-2\colab\train\train_0118.jpg,True,720,960,0.75,RGB,classification
train_0119.jpg,train/train_0119.jpg,c:\Users\SSAFY\Desktop\2026-ssafy-ai-15-2\colab\train\train_0119.jpg,True,720,960,0.75,RGB,classification
train_0120.jpg,train/train_0120.jpg,c:\Users\SSAFY\Desktop\2026-ssafy-ai-15-2\colab\train\train_0120.jpg,True,720,960,0.75,RGB,count
train_0121.jpg,train/train_0121.jpg,c:\Users\SSAFY\Desktop\2026-ssafy-ai-15-2\colab\train\train_0121.jpg,True,720,960,0.75,RGB,count
train_0122.jpg,train/train_0122.jpg,c:\Users\SSAFY\Desktop\2026-ssafy-ai-15-2\colab\train\train_0122.jpg,True,720,960,0.75,RGB,material
train_0123.jpg,train/train_0123.jpg,c:\Users\SSAFY\Desktop\2026-ssafy-ai-15-2\colab\train\train_0123.jpg,True,720,1080,0.6667,RGB,material
train_0124.jpg,train/train_0124.jpg,c:\Users\SSAFY\Desktop\2026-ssafy-ai-15-2\colab\train\train_0124.jpg,True,720,960,0.75,RGB,location
train_0125.jpg,train/train_0125.jpg,c:\Users\SSAFY\Desktop\2026-ssafy-ai-15-2\colab\train\train_0125.jpg,True,720,960,0.75,RGB,classification
train_0126.jpg,train/train_0126.jpg,c:\Users\SSAFY\Desktop\2026-ssafy-ai-15-2\colab\train\train_0126.jpg,True,720,960,0.75,RGB,count
train_0127.jpg,train/train_0127.jpg,c:\Users\SSAFY\Desktop\2026-ssafy-ai-15-2\colab\train\train_0127.jpg,True,720,960,0.75,RGB,location
train_0128.jpg,train/train_0128.jpg,c:\Users\SSAFY\Desktop\2026-ssafy-ai-15-2\colab\train\train_0128.jpg,True,720,960,0.75,RGB,material
train_0129.jpg,train/train_0129.jpg,c:\Users\SSAFY\Desktop\2026-ssafy-ai-15-2\colab\train\train_0129.jpg,True,720,960,0.75,RGB,classification
train_0130.jpg,train/train_0130.jpg,c:\Users\SSAFY\Desktop\2026-ssafy-ai-15-2\colab\train\train_0130.jpg,True,720,960,0.75,RGB,classification
train_0131.jpg,train/train_0131.jpg,c:\Users\SSAFY\Desktop\2026-ssafy-ai-15-2\colab\train\train_0131.jpg,True,720,960,0.75,RGB,count
train_0132.jpg,train/train_0132.jpg,c:\Users\SSAFY\Desktop\2026-ssafy-ai-15-2\colab\train\train_0132.jpg,True,720,960,0.75,RGB,material
train_0133.jpg,train/train_0133.jpg,c:\Users\SSAFY\Desktop\2026-ssafy-ai-15-2\colab\train\train_0133.jpg,True,720,960,0.75,RGB,color
train_0134.jpg,train/train_0134.jpg,c:\Users\SSAFY\Desktop\2026-ssafy-ai-15-2\colab\train\train_0134.jpg,True,1280,720,1.7778,RGB,count
train_0135.jpg,train/train_0135.jpg,c:\Users\SSAFY\Desktop\2026-ssafy-ai-15-2\colab\train\train_0135.jpg,True,720,960,0.75,RGB,location
train_0136.jpg,train/train_0136.jpg,c:\Users\SSAFY\Desktop\2026-ssafy-ai-15-2\colab\train\train_0136.jpg,True,1600,720,2.2222,RGB,material
train_0137.jpg,train/train_0137.jpg,c:\Users\SSAFY\Desktop\2026-ssafy-ai-15-2\colab\train\train_0137.jpg,True,720,960,0.75,RGB,location
train_0138.jpg,train/train_0138.jpg,c:\Users\SSAFY\Desktop\2026-ssafy-ai-15-2\colab\train\train_0138.jpg,True,720,960,0.75,RGB,count
train_0139.jpg,train/train_0139.jpg,c:\Users\SSAFY\Desktop\2026-ssafy-ai-15-2\colab\train\train_0139.jpg,True,960,720,1.3333,RGB,count
train_0140.jpg,train/train_0140.jpg,c:\Users\SSAFY\Desktop\2026-ssafy-ai-15-2\colab\train\train_0140.jpg,True,720,960,0.75,RGB,classification
train_0141.jpg,train/train_0141.jpg,c:\Users\SSAFY\Desktop\2026-ssafy-ai-15-2\colab\train\train_0141.jpg,True,1078,720,1.4972,RGB,count
train_0142.jpg,train/train_0142.jpg,c:\Users\SSAFY\Desktop\2026-ssafy-ai-15-2\colab\train\train_0142.jpg,True,720,960,0.75,RGB,material
train_0143.jpg,train/train_0143.jpg,c:\Users\SSAFY\Desktop\2026-ssafy-ai-15-2\colab\train\train_0143.jpg,True,720,960,0.75,RGB,count
train_0144.jpg,train/train_0144.jpg,c:\Users\SSAFY\Desktop\2026-ssafy-ai-15-2\colab\train\train_0144.jpg,True,720,720,1.0,RGB,material
train_0145.jpg,train/train_0145.jpg,c:\Users\SSAFY\Desktop\2026-ssafy-ai-15-2\colab\train\train_0145.jpg,True,720,960,0.75,RGB,material
train_0146.jpg,train/train_0146.jpg,c:\Users\SSAFY\Desktop\2026-ssafy-ai-15-2\colab\train\train_0146.jpg,True,720,960,0.75,RGB,material
train_0147.jpg,train/train_0147.jpg,c:\Users\SSAFY\Desktop\2026-ssafy-ai-15-2\colab\train\train_0147.jpg,True,720,960,0.75,RGB,other
train_0148.jpg,train/train_0148.jpg,c:\Users\SSAFY\Desktop\2026-ssafy-ai-15-2\colab\train\train_0148.jpg,True,720,960,0.75,RGB,classification
train_0149.jpg,train/train_0149.jpg,c:\Users\SSAFY\Desktop\2026-ssafy-ai-15-2\colab\train\train_0149.jpg,True,720,1280,0.5625,RGB,classification
train_0150.jpg,train/train_0150.jpg,c:\Users\SSAFY\Desktop\2026-ssafy-ai-15-2\colab\train\train_0150.jpg,True,720,960,0.75,RGB,count
train_0151.jpg,train/train_0151.jpg,c:\Users\SSAFY\Desktop\2026-ssafy-ai-15-2\colab\train\train_0151.jpg,True,720,960,0.75,RGB,location
train_0152.jpg,train/train_0152.jpg,c:\Users\SSAFY\Desktop\2026-ssafy-ai-15-2\colab\train\train_0152.jpg,True,720,960,0.75,RGB,classification
train_0153.jpg,train/train_0153.jpg,c:\Users\SSAFY\Desktop\2026-ssafy-ai-15-2\colab\train\train_0153.jpg,True,720,960,0.75,RGB,count
train_0154.jpg,train/train_0154.jpg,c:\Users\SSAFY\Desktop\2026-ssafy-ai-15-2\colab\train\train_0154.jpg,True,720,960,0.75,RGB,classification
train_0155.jpg,train/train_0155.jpg,c:\Users\SSAFY\Desktop\2026-ssafy-ai-15-2\colab\train\train_0155.jpg,True,720,941,0.7651,RGB,classification
train_0156.jpg,train/train_0156.jpg,c:\Users\SSAFY\Desktop\2026-ssafy-ai-15-2\colab\train\train_0156.jpg,True,720,960,0.75,RGB,classification
train_0157.jpg,train/train_0157.jpg,c:\Users\SSAFY\Desktop\2026-ssafy-ai-15-2\colab\train\train_0157.jpg,True,720,960,0.75,RGB,count
train_0158.jpg,train/train_0158.jpg,c:\Users\SSAFY\Desktop\2026-ssafy-ai-15-2\colab\train\train_0158.jpg,True,720,1278,0.5634,RGB,material
train_0159.jpg,train/train_0159.jpg,c:\Users\SSAFY\Desktop\2026-ssafy-ai-15-2\colab\train\train_0159.jpg,True,720,960,0.75,RGB,material
train_0160.jpg,train/train_0160.jpg,c:\Users\SSAFY\Desktop\2026-ssafy-ai-15-2\colab\train\train_0160.jpg,True,1541,720,2.1403,RGB,classification
train_0161.jpg,train/train_0161.jpg,c:\Users\SSAFY\Desktop\2026-ssafy-ai-15-2\colab\train\train_0161.jpg,True,960,720,1.3333,RGB,location
train_0162.jpg,train/train_0162.jpg,c:\Users\SSAFY\Desktop\2026-ssafy-ai-15-2\colab\train\train_0162.jpg,True,720,960,0.75,RGB,count
train_0163.jpg,train/train_0163.jpg,c:\Users\SSAFY\Desktop\2026-ssafy-ai-15-2\colab\train\train_0163.jpg,True,960,720,1.3333,RGB,color
train_0164.jpg,train/train_0164.jpg,c:\Users\SSAFY\Desktop\2026-ssafy-ai-15-2\colab\train\train_0164.jpg,True,720,960,0.75,RGB,classification
train_0165.jpg,train/train_0165.jpg,c:\Users\SSAFY\Desktop\2026-ssafy-ai-15-2\colab\train\train_0165.jpg,True,720,960,0.75,RGB,count
train_0166.jpg,train/train_0166.jpg,c:\Users\SSAFY\Desktop\2026-ssafy-ai-15-2\colab\train\train_0166.jpg,True,959,720,1.3319,RGB,count
train_0167.jpg,train/train_0167.jpg,c:\Users\SSAFY\Desktop\2026-ssafy-ai-15-2\colab\train\train_0167.jpg,True,720,960,0.75,RGB,count
train_0168.jpg,train/train_0168.jpg,c:\Users\SSAFY\Desktop\2026-ssafy-ai-15-2\colab\train\train_0168.jpg,True,720,1278,0.5634,RGB,classification
train_0169.jpg,train/train_0169.jpg,c:\Users\SSAFY\Desktop\2026-ssafy-ai-15-2\colab\train\train_0169.jpg,True,720,960,0.75,RGB,count
train_0170.jpg,train/train_0170.jpg,c:\Users\SSAFY\Desktop\2026-ssafy-ai-15-2\colab\train\train_0170.jpg,True,720,960,0.75,RGB,classification
train_0171.jpg,train/train_0171.jpg,c:\Users\SSAFY\Desktop\2026-ssafy-ai-15-2\colab\train\train_0171.jpg,True,960,720,1.3333,RGB,color
train_0172.jpg,train/train_0172.jpg,c:\Users\SSAFY\Desktop\2026-ssafy-ai-15-2\colab\train\train_0172.jpg,True,720,960,0.75,RGB,material
train_0173.jpg,train/train_0173.jpg,c:\Users\SSAFY\Desktop\2026-ssafy-ai-15-2\colab\train\train_0173.jpg,True,720,720,1.0,RGB,material
train_0174.jpg,train/train_0174.jpg,c:\Users\SSAFY\Desktop\2026-ssafy-ai-15-2\colab\train\train_0174.jpg,True,720,960,0.75,RGB,count
train_0175.jpg,train/train_0175.jpg,c:\Users\SSAFY\Desktop\2026-ssafy-ai-15-2\colab\train\train_0175.jpg,True,720,960,0.75,RGB,material
train_0176.jpg,train/train_0176.jpg,c:\Users\SSAFY\Desktop\2026-ssafy-ai-15-2\colab\train\train_0176.jpg,True,720,960,0.75,RGB,count
train_0177.jpg,train/train_0177.jpg,c:\Users\SSAFY\Desktop\2026-ssafy-ai-15-2\colab\train\train_0177.jpg,True,720,960,0.75,RGB,count
train_0178.jpg,train/train_0178.jpg,c:\Users\SSAFY\Desktop\2026-ssafy-ai-15-2\colab\train\train_0178.jpg,True,720,960,0.75,RGB,material
train_0179.jpg,train/train_0179.jpg,c:\Users\SSAFY\Desktop\2026-ssafy-ai-15-2\colab\train\train_0179.jpg,True,781,720,1.0847,RGB,count
train_0180.jpg,train/train_0180.jpg,c:\Users\SSAFY\Desktop\2026-ssafy-ai-15-2\colab\train\train_0180.jpg,True,720,960,0.75,RGB,material
train_0181.jpg,train/train_0181.jpg,c:\Users\SSAFY\Desktop\2026-ssafy-ai-15-2\colab\train\train_0181.jpg,True,720,960,0.75,RGB,material
train_0182.jpg,train/train_0182.jpg,c:\Users\SSAFY\Desktop\2026-ssafy-ai-15-2\colab\train\train_0182.jpg,True,720,960,0.75,RGB,material
train_0183.jpg,train/train_0183.jpg,c:\Users\SSAFY\Desktop\2026-ssafy-ai-15-2\colab\train\train_0183.jpg,True,720,960,0.75,RGB,classification
train_0184.jpg,train/train_0184.jpg,c:\Users\SSAFY\Desktop\2026-ssafy-ai-15-2\colab\train\train_0184.jpg,True,720,960,0.75,RGB,material
train_0185.jpg,train/train_0185.jpg,c:\Users\SSAFY\Desktop\2026-ssafy-ai-15-2\colab\train\train_0185.jpg,True,720,960,0.75,RGB,classification
train_0186.jpg,train/train_0186.jpg,c:\Users\SSAFY\Desktop\2026-ssafy-ai-15-2\colab\train\train_0186.jpg,True,720,960,0.75,RGB,classification
train_0187.jpg,train/train_0187.jpg,c:\Users\SSAFY\Desktop\2026-ssafy-ai-15-2\colab\train\train_0187.jpg,True,720,1280,0.5625,RGB,material
train_0188.jpg,train/train_0188.jpg,c:\Users\SSAFY\Desktop\2026-ssafy-ai-15-2\colab\train\train_0188.jpg,True,720,960,0.75,RGB,count
train_0189.jpg,train/train_0189.jpg,c:\Users\SSAFY\Desktop\2026-ssafy-ai-15-2\colab\train\train_0189.jpg,True,960,720,1.3333,RGB,classification
train_0190.jpg,train/train_0190.jpg,c:\Users\SSAFY\Desktop\2026-ssafy-ai-15-2\colab\train\train_0190.jpg,True,960,720,1.3333,RGB,count
train_0191.jpg,train/train_0191.jpg,c:\Users\SSAFY\Desktop\2026-ssafy-ai-15-2\colab\train\train_0191.jpg,True,960,720,1.3333,RGB,count
train_0192.jpg,train/train_0192.jpg,c:\Users\SSAFY\Desktop\2026-ssafy-ai-15-2\colab\train\train_0192.jpg,True,720,960,0.75,RGB,classification
train_0193.jpg,train/train_0193.jpg,c:\Users\SSAFY\Desktop\2026-ssafy-ai-15-2\colab\train\train_0193.jpg,True,720,960,0.75,RGB,material
train_0194.jpg,train/train_0194.jpg,c:\Users\SSAFY\Desktop\2026-ssafy-ai-15-2\colab\train\train_0194.jpg,True,720,960,0.75,RGB,count
train_0195.jpg,train/train_0195.jpg,c:\Users\SSAFY\Desktop\2026-ssafy-ai-15-2\colab\train\train_0195.jpg,True,960,720,1.3333,RGB,classification
train_0196.jpg,train/train_0196.jpg,c:\Users\SSAFY\Desktop\2026-ssafy-ai-15-2\colab\train\train_0196.jpg,True,720,960,0.75,RGB,material
train_0197.jpg,train/train_0197.jpg,c:\Users\SSAFY\Desktop\2026-ssafy-ai-15-2\colab\train\train_0197.jpg,True,960,720,1.3333,RGB,classification
train_0198.jpg,train/train_0198.jpg,c:\Users\SSAFY\Desktop\2026-ssafy-ai-15-2\colab\train\train_0198.jpg,True,960,720,1.3333,RGB,count
train_0199.jpg,train/train_0199.jpg,c:\Users\SSAFY\Desktop\2026-ssafy-ai-15-2\colab\train\train_0199.jpg,True,720,960,0.75,RGB,count
train_0200.jpg,train/train_0200.jpg,c:\Users\SSAFY\Desktop\2026-ssafy-ai-15-2\colab\train\train_0200.jpg,True,960,720,1.3333,RGB,count
train_0201.jpg,train/train_0201.jpg,c:\Users\SSAFY\Desktop\2026-ssafy-ai-15-2\colab\train\train_0201.jpg,True,720,960,0.75,RGB,count
train_0202.jpg,train/train_0202.jpg,c:\Users\SSAFY\Desktop\2026-ssafy-ai-15-2\colab\train\train_0202.jpg,True,720,960,0.75,RGB,count
train_0203.jpg,train/train_0203.jpg,c:\Users\SSAFY\Desktop\2026-ssafy-ai-15-2\colab\train\train_0203.jpg,True,960,720,1.3333,RGB,count
train_0204.jpg,train/train_0204.jpg,c:\Users\SSAFY\Desktop\2026-ssafy-ai-15-2\colab\train\train_0204.jpg,True,720,960,0.75,RGB,material
train_0205.jpg,train/train_0205.jpg,c:\Users\SSAFY\Desktop\2026-ssafy-ai-15-2\colab\train\train_0205.jpg,True,960,720,1.3333,RGB,location
train_0206.jpg,train/train_0206.jpg,c:\Users\SSAFY\Desktop\2026-ssafy-ai-15-2\colab\train\train_0206.jpg,True,720,997,0.7222,RGB,location
train_0207.jpg,train/train_0207.jpg,c:\Users\SSAFY\Desktop\2026-ssafy-ai-15-2\colab\train\train_0207.jpg,True,1280,720,1.7778,RGB,material
train_0208.jpg,train/train_0208.jpg,c:\Users\SSAFY\Desktop\2026-ssafy-ai-15-2\colab\train\train_0208.jpg,True,960,720,1.3333,RGB,count
train_0209.jpg,train/train_0209.jpg,c:\Users\SSAFY\Desktop\2026-ssafy-ai-15-2\colab\train\train_0209.jpg,True,720,960,0.75,RGB,classification
train_0210.jpg,train/train_0210.jpg,c:\Users\SSAFY\Desktop\2026-ssafy-ai-15-2\colab\train\train_0210.jpg,True,720,1280,0.5625,RGB,other
train_0211.jpg,train/train_0211.jpg,c:\Users\SSAFY\Desktop\2026-ssafy-ai-15-2\colab\train\train_0211.jpg,True,720,960,0.75,RGB,material
train_0212.jpg,train/train_0212.jpg,c:\Users\SSAFY\Desktop\2026-ssafy-ai-15-2\colab\train\train_0212.jpg,True,720,960,0.75,RGB,material
train_0213.jpg,train/train_0213.jpg,c:\Users\SSAFY\Desktop\2026-ssafy-ai-15-2\colab\train\train_0213.jpg,True,720,960,0.75,RGB,classification
train_0214.jpg,train/train_0214.jpg,c:\Users\SSAFY\Desktop\2026-ssafy-ai-15-2\colab\train\train_0214.jpg,True,720,960,0.75,RGB,count
train_0215.jpg,train/train_0215.jpg,c:\Users\SSAFY\Desktop\2026-ssafy-ai-15-2\colab\train\train_0215.jpg,True,720,720,1.0,RGB,count
train_0216.jpg,train/train_0216.jpg,c:\Users\SSAFY\Desktop\2026-ssafy-ai-15-2\colab\train\train_0216.jpg,True,720,1280,0.5625,RGB,classification
train_0217.jpg,train/train_0217.jpg,c:\Users\SSAFY\Desktop\2026-ssafy-ai-15-2\colab\train\train_0217.jpg,True,720,1278,0.5634,RGB,count
train_0218.jpg,train/train_0218.jpg,c:\Users\SSAFY\Desktop\2026-ssafy-ai-15-2\colab\train\train_0218.jpg,True,720,960,0.75,RGB,material
train_0219.jpg,train/train_0219.jpg,c:\Users\SSAFY\Desktop\2026-ssafy-ai-15-2\colab\train\train_0219.jpg,True,720,960,0.75,RGB,material
train_0220.jpg,train/train_0220.jpg,c:\Users\SSAFY\Desktop\2026-ssafy-ai-15-2\colab\train\train_0220.jpg,True,720,960,0.75,RGB,material
train_0221.jpg,train/train_0221.jpg,c:\Users\SSAFY\Desktop\2026-ssafy-ai-15-2\colab\train\train_0221.jpg,True,720,960,0.75,RGB,material
train_0222.jpg,train/train_0222.jpg,c:\Users\SSAFY\Desktop\2026-ssafy-ai-15-2\colab\train\train_0222.jpg,True,720,960,0.75,RGB,material
train_0223.jpg,train/train_0223.jpg,c:\Users\SSAFY\Desktop\2026-ssafy-ai-15-2\colab\train\train_0223.jpg,True,720,960,0.75,RGB,material
train_0224.jpg,train/train_0224.jpg,c:\Users\SSAFY\Desktop\2026-ssafy-ai-15-2\colab\train\train_0224.jpg,True,720,960,0.75,RGB,count
train_0225.jpg,train/train_0225.jpg,c:\Users\SSAFY\Desktop\2026-ssafy-ai-15-2\colab\train\train_0225.jpg,True,960,720,1.3333,RGB,count
train_0226.jpg,train/train_0226.jpg,c:\Users\SSAFY\Desktop\2026-ssafy-ai-15-2\colab\train\train_0226.jpg,True,720,960,0.75,RGB,color
train_0227.jpg,train/train_0227.jpg,c:\Users\SSAFY\Desktop\2026-ssafy-ai-15-2\colab\train\train_0227.jpg,True,720,960,0.75,RGB,material
train_0228.jpg,train/train_0228.jpg,c:\Users\SSAFY\Desktop\2026-ssafy-ai-15-2\colab\train\train_0228.jpg,True,720,960,0.75,RGB,location
train_0229.jpg,train/train_0229.jpg,c:\Users\SSAFY\Desktop\2026-ssafy-ai-15-2\colab\train\train_0229.jpg,True,960,720,1.3333,RGB,count
train_0230.jpg,train/train_0230.jpg,c:\Users\SSAFY\Desktop\2026-ssafy-ai-15-2\colab\train\train_0230.jpg,True,720,960,0.75,RGB,classification
train_0231.jpg,train/train_0231.jpg,c:\Users\SSAFY\Desktop\2026-ssafy-ai-15-2\colab\train\train_0231.jpg,True,720,960,0.75,RGB,material
train_0232.jpg,train/train_0232.jpg,c:\Users\SSAFY\Desktop\2026-ssafy-ai-15-2\colab\train\train_0232.jpg,True,720,960,0.75,RGB,classification
train_0233.jpg,train/train_0233.jpg,c:\Users\SSAFY\Desktop\2026-ssafy-ai-15-2\colab\train\train_0233.jpg,True,720,960,0.75,RGB,classification
train_0234.jpg,train/train_0234.jpg,c:\Users\SSAFY\Desktop\2026-ssafy-ai-15-2\colab\train\train_0234.jpg,True,720,960,0.75,RGB,count
train_0235.jpg,train/train_0235.jpg,c:\Users\SSAFY\Desktop\2026-ssafy-ai-15-2\colab\train\train_0235.jpg,True,720,960,0.75,RGB,classification
train_0236.jpg,train/train_0236.jpg,c:\Users\SSAFY\Desktop\2026-ssafy-ai-15-2\colab\train\train_0236.jpg,True,720,960,0.75,RGB,material
train_0237.jpg,train/train_0237.jpg,c:\Users\SSAFY\Desktop\2026-ssafy-ai-15-2\colab\train\train_0237.jpg,True,960,720,1.3333,RGB,count
train_0238.jpg,train/train_0238.jpg,c:\Users\SSAFY\Desktop\2026-ssafy-ai-15-2\colab\train\train_0238.jpg,True,720,960,0.75,RGB,material
train_0239.jpg,train/train_0239.jpg,c:\Users\SSAFY\Desktop\2026-ssafy-ai-15-2\colab\train\train_0239.jpg,True,720,960,0.75,RGB,location
train_0240.jpg,train/train_0240.jpg,c:\Users\SSAFY\Desktop\2026-ssafy-ai-15-2\colab\train\train_0240.jpg,True,720,720,1.0,RGB,material
train_0241.jpg,train/train_0241.jpg,c:\Users\SSAFY\Desktop\2026-ssafy-ai-15-2\colab\train\train_0241.jpg,True,720,960,0.75,RGB,count
train_0242.jpg,train/train_0242.jpg,c:\Users\SSAFY\Desktop\2026-ssafy-ai-15-2\colab\train\train_0242.jpg,True,720,960,0.75,RGB,count
train_0243.jpg,train/train_0243.jpg,c:\Users\SSAFY\Desktop\2026-ssafy-ai-15-2\colab\train\train_0243.jpg,True,720,960,0.75,RGB,count
train_0244.jpg,train/train_0244.jpg,c:\Users\SSAFY\Desktop\2026-ssafy-ai-15-2\colab\train\train_0244.jpg,True,720,960,0.75,RGB,count
train_0245.jpg,train/train_0245.jpg,c:\Users\SSAFY\Desktop\2026-ssafy-ai-15-2\colab\train\train_0245.jpg,True,720,960,0.75,RGB,color
train_0246.jpg,train/train_0246.jpg,c:\Users\SSAFY\Desktop\2026-ssafy-ai-15-2\colab\train\train_0246.jpg,True,720,960,0.75,RGB,material
train_0247.jpg,train/train_0247.jpg,c:\Users\SSAFY\Desktop\2026-ssafy-ai-15-2\colab\train\train_0247.jpg,True,720,960,0.75,RGB,material
train_0248.jpg,train/train_0248.jpg,c:\Users\SSAFY\Desktop\2026-ssafy-ai-15-2\colab\train\train_0248.jpg,True,720,720,1.0,RGB,material
train_0249.jpg,train/train_0249.jpg,c:\Users\SSAFY\Desktop\2026-ssafy-ai-15-2\colab\train\train_0249.jpg,True,720,960,0.75,RGB,classification
train_0250.jpg,train/train_0250.jpg,c:\Users\SSAFY\Desktop\2026-ssafy-ai-15-2\colab\train\train_0250.jpg,True,720,960,0.75,RGB,classification
train_0251.jpg,train/train_0251.jpg,c:\Users\SSAFY\Desktop\2026-ssafy-ai-15-2\colab\train\train_0251.jpg,True,720,960,0.75,RGB,classification
train_0252.jpg,train/train_0252.jpg,c:\Users\SSAFY\Desktop\2026-ssafy-ai-15-2\colab\train\train_0252.jpg,True,720,1278,0.5634,RGB,count
train_0253.jpg,train/train_0253.jpg,c:\Users\SSAFY\Desktop\2026-ssafy-ai-15-2\colab\train\train_0253.jpg,True,720,1280,0.5625,RGB,count
train_0254.jpg,train/train_0254.jpg,c:\Users\SSAFY\Desktop\2026-ssafy-ai-15-2\colab\train\train_0254.jpg,True,720,960,0.75,RGB,count
train_0255.jpg,train/train_0255.jpg,c:\Users\SSAFY\Desktop\2026-ssafy-ai-15-2\colab\train\train_0255.jpg,True,1278,720,1.775,RGB,count
train_0256.jpg,train/train_0256.jpg,c:\Users\SSAFY\Desktop\2026-ssafy-ai-15-2\colab\train\train_0256.jpg,True,720,960,0.75,RGB,classification
train_0257.jpg,train/train_0257.jpg,c:\Users\SSAFY\Desktop\2026-ssafy-ai-15-2\colab\train\train_0257.jpg,True,720,960,0.75,RGB,count
train_0258.jpg,train/train_0258.jpg,c:\Users\SSAFY\Desktop\2026-ssafy-ai-15-2\colab\train\train_0258.jpg,True,720,960,0.75,RGB,count
train_0259.jpg,train/train_0259.jpg,c:\Users\SSAFY\Desktop\2026-ssafy-ai-15-2\colab\train\train_0259.jpg,True,720,720,1.0,RGB,count
train_0260.jpg,train/train_0260.jpg,c:\Users\SSAFY\Desktop\2026-ssafy-ai-15-2\colab\train\train_0260.jpg,True,720,960,0.75,RGB,material
train_0261.jpg,train/train_0261.jpg,c:\Users\SSAFY\Desktop\2026-ssafy-ai-15-2\colab\train\train_0261.jpg,True,720,960,0.75,RGB,material
train_0262.jpg,train/train_0262.jpg,c:\Users\SSAFY\Desktop\2026-ssafy-ai-15-2\colab\train\train_0262.jpg,True,720,1280,0.5625,RGB,material
train_0263.jpg,train/train_0263.jpg,c:\Users\SSAFY\Desktop\2026-ssafy-ai-15-2\colab\train\train_0263.jpg,True,720,960,0.75,RGB,material
train_0264.jpg,train/train_0264.jpg,c:\Users\SSAFY\Desktop\2026-ssafy-ai-15-2\colab\train\train_0264.jpg,True,720,1298,0.5547,RGB,count
train_0265.jpg,train/train_0265.jpg,c:\Users\SSAFY\Desktop\2026-ssafy-ai-15-2\colab\train\train_0265.jpg,True,720,960,0.75,RGB,count
train_0266.jpg,train/train_0266.jpg,c:\Users\SSAFY\Desktop\2026-ssafy-ai-15-2\colab\train\train_0266.jpg,True,720,960,0.75,RGB,material
train_0267.jpg,train/train_0267.jpg,c:\Users\SSAFY\Desktop\2026-ssafy-ai-15-2\colab\train\train_0267.jpg,True,720,1055,0.6825,RGB,color
train_0268.jpg,train/train_0268.jpg,c:\Users\SSAFY\Desktop\2026-ssafy-ai-15-2\colab\train\train_0268.jpg,True,720,960,0.75,RGB,count
train_0269.jpg,train/train_0269.jpg,c:\Users\SSAFY\Desktop\2026-ssafy-ai-15-2\colab\train\train_0269.jpg,True,720,960,0.75,RGB,count
train_0270.jpg,train/train_0270.jpg,c:\Users\SSAFY\Desktop\2026-ssafy-ai-15-2\colab\train\train_0270.jpg,True,720,960,0.75,RGB,count
train_0271.jpg,train/train_0271.jpg,c:\Users\SSAFY\Desktop\2026-ssafy-ai-15-2\colab\train\train_0271.jpg,True,720,960,0.75,RGB,material
train_0272.jpg,train/train_0272.jpg,c:\Users\SSAFY\Desktop\2026-ssafy-ai-15-2\colab\train\train_0272.jpg,True,720,960,0.75,RGB,material
train_0273.jpg,train/train_0273.jpg,c:\Users\SSAFY\Desktop\2026-ssafy-ai-15-2\colab\train\train_0273.jpg,True,720,960,0.75,RGB,color
train_0274.jpg,train/train_0274.jpg,c:\Users\SSAFY\Desktop\2026-ssafy-ai-15-2\colab\train\train_0274.jpg,True,720,960,0.75,RGB,classification
train_0275.jpg,train/train_0275.jpg,c:\Users\SSAFY\Desktop\2026-ssafy-ai-15-2\colab\train\train_0275.jpg,True,1278,720,1.775,RGB,material
train_0276.jpg,train/train_0276.jpg,c:\Users\SSAFY\Desktop\2026-ssafy-ai-15-2\colab\train\train_0276.jpg,True,960,720,1.3333,RGB,count
train_0277.jpg,train/train_0277.jpg,c:\Users\SSAFY\Desktop\2026-ssafy-ai-15-2\colab\train\train_0277.jpg,True,720,960,0.75,RGB,material
train_0278.jpg,train/train_0278.jpg,c:\Users\SSAFY\Desktop\2026-ssafy-ai-15-2\colab\train\train_0278.jpg,True,720,960,0.75,RGB,material
train_0279.jpg,train/train_0279.jpg,c:\Users\SSAFY\Desktop\2026-ssafy-ai-15-2\colab\train\train_0279.jpg,True,720,960,0.75,RGB,material
train_0280.jpg,train/train_0280.jpg,c:\Users\SSAFY\Desktop\2026-ssafy-ai-15-2\colab\train\train_0280.jpg,True,720,960,0.75,RGB,count
train_0281.jpg,train/train_0281.jpg,c:\Users\SSAFY\Desktop\2026-ssafy-ai-15-2\colab\train\train_0281.jpg,True,720,960,0.75,RGB,classification
train_0282.jpg,train/train_0282.jpg,c:\Users\SSAFY\Desktop\2026-ssafy-ai-15-2\colab\train\train_0282.jpg,True,720,960,0.75,RGB,color
train_0283.jpg,train/train_0283.jpg,c:\Users\SSAFY\Desktop\2026-ssafy-ai-15-2\colab\train\train_0283.jpg,True,720,960,0.75,RGB,classification
train_0284.jpg,train/train_0284.jpg,c:\Users\SSAFY\Desktop\2026-ssafy-ai-15-2\colab\train\train_0284.jpg,True,1280,720,1.7778,RGB,count
train_0285.jpg,train/train_0285.jpg,c:\Users\SSAFY\Desktop\2026-ssafy-ai-15-2\colab\train\train_0285.jpg,True,720,960,0.75,RGB,count
train_0286.jpg,train/train_0286.jpg,c:\Users\SSAFY\Desktop\2026-ssafy-ai-15-2\colab\train\train_0286.jpg,True,720,960,0.75,RGB,material
train_0287.jpg,train/train_0287.jpg,c:\Users\SSAFY\Desktop\2026-ssafy-ai-15-2\colab\train\train_0287.jpg,True,960,720,1.3333,RGB,material
train_0288.jpg,train/train_0288.jpg,c:\Users\SSAFY\Desktop\2026-ssafy-ai-15-2\colab\train\train_0288.jpg,True,720,960,0.75,RGB,other
train_0289.jpg,train/train_0289.jpg,c:\Users\SSAFY\Desktop\2026-ssafy-ai-15-2\colab\train\train_0289.jpg,True,720,960,0.75,RGB,color
train_0290.jpg,train/train_0290.jpg,c:\Users\SSAFY\Desktop\2026-ssafy-ai-15-2\colab\train\train_0290.jpg,True,720,960,0.75,RGB,classification
train_0291.jpg,train/train_0291.jpg,c:\Users\SSAFY\Desktop\2026-ssafy-ai-15-2\colab\train\train_0291.jpg,True,720,960,0.75,RGB,classification
train_0292.jpg,train/train_0292.jpg,c:\Users\SSAFY\Desktop\2026-ssafy-ai-15-2\colab\train\train_0292.jpg,True,960,720,1.3333,RGB,count
train_0293.jpg,train/train_0293.jpg,c:\Users\SSAFY\Desktop\2026-ssafy-ai-15-2\colab\train\train_0293.jpg,True,720,960,0.75,RGB,classification
train_0294.jpg,train/train_0294.jpg,c:\Users\SSAFY\Desktop\2026-ssafy-ai-15-2\colab\train\train_0294.jpg,True,1280,720,1.7778,RGB,material
train_0295.jpg,train/train_0295.jpg,c:\Users\SSAFY\Desktop\2026-ssafy-ai-15-2\colab\train\train_0295.jpg,True,720,960,0.75,RGB,material
train_0296.jpg,train/train_0296.jpg,c:\Users\SSAFY\Desktop\2026-ssafy-ai-15-2\colab\train\train_0296.jpg,True,960,720,1.3333,RGB,material
train_0297.jpg,train/train_0297.jpg,c:\Users\SSAFY\Desktop\2026-ssafy-ai-15-2\colab\train\train_0297.jpg,True,720,960,0.75,RGB,material
train_0298.jpg,train/train_0298.jpg,c:\Users\SSAFY\Desktop\2026-ssafy-ai-15-2\colab\train\train_0298.jpg,True,720,720,1.0,RGB,material
train_0299.jpg,train/train_0299.jpg,c:\Users\SSAFY\Desktop\2026-ssafy-ai-15-2\colab\train\train_0299.jpg,True,720,960,0.75,RGB,count
train_0300.jpg,train/train_0300.jpg,c:\Users\SSAFY\Desktop\2026-ssafy-ai-15-2\colab\train\train_0300.jpg,True,720,960,0.75,RGB,count
train_0301.jpg,train/train_0301.jpg,c:\Users\SSAFY\Desktop\2026-ssafy-ai-15-2\colab\train\train_0301.jpg,True,720,960,0.75,RGB,material
train_0302.jpg,train/train_0302.jpg,c:\Users\SSAFY\Desktop\2026-ssafy-ai-15-2\colab\train\train_0302.jpg,True,720,960,0.75,RGB,material
train_0303.jpg,train/train_0303.jpg,c:\Users\SSAFY\Desktop\2026-ssafy-ai-15-2\colab\train\train_0303.jpg,True,720,960,0.75,RGB,count
train_0304.jpg,train/train_0304.jpg,c:\Users\SSAFY\Desktop\2026-ssafy-ai-15-2\colab\train\train_0304.jpg,True,960,720,1.3333,RGB,classification
train_0305.jpg,train/train_0305.jpg,c:\Users\SSAFY\Desktop\2026-ssafy-ai-15-2\colab\train\train_0305.jpg,True,720,960,0.75,RGB,material
train_0306.jpg,train/train_0306.jpg,c:\Users\SSAFY\Desktop\2026-ssafy-ai-15-2\colab\train\train_0306.jpg,True,720,960,0.75,RGB,count
train_0307.jpg,train/train_0307.jpg,c:\Users\SSAFY\Desktop\2026-ssafy-ai-15-2\colab\train\train_0307.jpg,True,720,960,0.75,RGB,material
train_0308.jpg,train/train_0308.jpg,c:\Users\SSAFY\Desktop\2026-ssafy-ai-15-2\colab\train\train_0308.jpg,True,1560,720,2.1667,RGB,material
train_0309.jpg,train/train_0309.jpg,c:\Users\SSAFY\Desktop\2026-ssafy-ai-15-2\colab\train\train_0309.jpg,True,720,960,0.75,RGB,classification
train_0310.jpg,train/train_0310.jpg,c:\Users\SSAFY\Desktop\2026-ssafy-ai-15-2\colab\train\train_0310.jpg,True,720,960,0.75,RGB,classification
train_0311.jpg,train/train_0311.jpg,c:\Users\SSAFY\Desktop\2026-ssafy-ai-15-2\colab\train\train_0311.jpg,True,720,960,0.75,RGB,classification
train_0312.jpg,train/train_0312.jpg,c:\Users\SSAFY\Desktop\2026-ssafy-ai-15-2\colab\train\train_0312.jpg,True,720,960,0.75,RGB,count
train_0313.jpg,train/train_0313.jpg,c:\Users\SSAFY\Desktop\2026-ssafy-ai-15-2\colab\train\train_0313.jpg,True,720,960,0.75,RGB,material
train_0314.jpg,train/train_0314.jpg,c:\Users\SSAFY\Desktop\2026-ssafy-ai-15-2\colab\train\train_0314.jpg,True,720,960,0.75,RGB,material
train_0315.jpg,train/train_0315.jpg,c:\Users\SSAFY\Desktop\2026-ssafy-ai-15-2\colab\train\train_0315.jpg,True,960,720,1.3333,RGB,count
train_0316.jpg,train/train_0316.jpg,c:\Users\SSAFY\Desktop\2026-ssafy-ai-15-2\colab\train\train_0316.jpg,True,720,960,0.75,RGB,classification
train_0317.jpg,train/train_0317.jpg,c:\Users\SSAFY\Desktop\2026-ssafy-ai-15-2\colab\train\train_0317.jpg,True,1558,720,2.1639,RGB,material
train_0318.jpg,train/train_0318.jpg,c:\Users\SSAFY\Desktop\2026-ssafy-ai-15-2\colab\train\train_0318.jpg,True,720,1278,0.5634,RGB,classification
train_0319.jpg,train/train_0319.jpg,c:\Users\SSAFY\Desktop\2026-ssafy-ai-15-2\colab\train\train_0319.jpg,True,720,959,0.7508,RGB,classification
train_0320.jpg,train/train_0320.jpg,c:\Users\SSAFY\Desktop\2026-ssafy-ai-15-2\colab\train\train_0320.jpg,True,960,720,1.3333,RGB,material
train_0321.jpg,train/train_0321.jpg,c:\Users\SSAFY\Desktop\2026-ssafy-ai-15-2\colab\train\train_0321.jpg,True,720,960,0.75,RGB,material
train_0322.jpg,train/train_0322.jpg,c:\Users\SSAFY\Desktop\2026-ssafy-ai-15-2\colab\train\train_0322.jpg,True,960,720,1.3333,RGB,material
train_0323.jpg,train/train_0323.jpg,c:\Users\SSAFY\Desktop\2026-ssafy-ai-15-2\colab\train\train_0323.jpg,True,720,1541,0.4672,RGB,count
train_0324.jpg,train/train_0324.jpg,c:\Users\SSAFY\Desktop\2026-ssafy-ai-15-2\colab\train\train_0324.jpg,True,720,960,0.75,RGB,count
train_0325.jpg,train/train_0325.jpg,c:\Users\SSAFY\Desktop\2026-ssafy-ai-15-2\colab\train\train_0325.jpg,True,720,720,1.0,RGB,count
train_0326.jpg,train/train_0326.jpg,c:\Users\SSAFY\Desktop\2026-ssafy-ai-15-2\colab\train\train_0326.jpg,True,720,960,0.75,RGB,material
train_0327.jpg,train/train_0327.jpg,c:\Users\SSAFY\Desktop\2026-ssafy-ai-15-2\colab\train\train_0327.jpg,True,979,720,1.3597,RGB,classification
train_0328.jpg,train/train_0328.jpg,c:\Users\SSAFY\Desktop\2026-ssafy-ai-15-2\colab\train\train_0328.jpg,True,720,960,0.75,RGB,material
train_0329.jpg,train/train_0329.jpg,c:\Users\SSAFY\Desktop\2026-ssafy-ai-15-2\colab\train\train_0329.jpg,True,720,960,0.75,RGB,count
train_0330.jpg,train/train_0330.jpg,c:\Users\SSAFY\Desktop\2026-ssafy-ai-15-2\colab\train\train_0330.jpg,True,1599,720,2.2208,RGB,classification
train_0331.jpg,train/train_0331.jpg,c:\Users\SSAFY\Desktop\2026-ssafy-ai-15-2\colab\train\train_0331.jpg,True,720,720,1.0,RGB,material
train_0332.jpg,train/train_0332.jpg,c:\Users\SSAFY\Desktop\2026-ssafy-ai-15-2\colab\train\train_0332.jpg,True,720,960,0.75,RGB,count
train_0333.jpg,train/train_0333.jpg,c:\Users\SSAFY\Desktop\2026-ssafy-ai-15-2\colab\train\train_0333.jpg,True,720,960,0.75,RGB,classification
train_0334.jpg,train/train_0334.jpg,c:\Users\SSAFY\Desktop\2026-ssafy-ai-15-2\colab\train\train_0334.jpg,True,720,1280,0.5625,RGB,classification
train_0335.jpg,train/train_0335.jpg,c:\Users\SSAFY\Desktop\2026-ssafy-ai-15-2\colab\train\train_0335.jpg,True,960,720,1.3333,RGB,material
train_0336.jpg,train/train_0336.jpg,c:\Users\SSAFY\Desktop\2026-ssafy-ai-15-2\colab\train\train_0336.jpg,True,720,960,0.75,RGB,material
train_0337.jpg,train/train_0337.jpg,c:\Users\SSAFY\Desktop\2026-ssafy-ai-15-2\colab\train\train_0337.jpg,True,720,960,0.75,RGB,classification
train_0338.jpg,train/train_0338.jpg,c:\Users\SSAFY\Desktop\2026-ssafy-ai-15-2\colab\train\train_0338.jpg,True,720,960,0.75,RGB,classification
train_0339.jpg,train/train_0339.jpg,c:\Users\SSAFY\Desktop\2026-ssafy-ai-15-2\colab\train\train_0339.jpg,True,720,960,0.75,RGB,count
train_0340.jpg,train/train_0340.jpg,c:\Users\SSAFY\Desktop\2026-ssafy-ai-15-2\colab\train\train_0340.jpg,True,720,960,0.75,RGB,classification
train_0341.jpg,train/train_0341.jpg,c:\Users\SSAFY\Desktop\2026-ssafy-ai-15-2\colab\train\train_0341.jpg,True,720,960,0.75,RGB,classification
train_0342.jpg,train/train_0342.jpg,c:\Users\SSAFY\Desktop\2026-ssafy-ai-15-2\colab\train\train_0342.jpg,True,720,960,0.75,RGB,classification
train_0343.jpg,train/train_0343.jpg,c:\Users\SSAFY\Desktop\2026-ssafy-ai-15-2\colab\train\train_0343.jpg,True,720,1108,0.6498,RGB,count
train_0344.jpg,train/train_0344.jpg,c:\Users\SSAFY\Desktop\2026-ssafy-ai-15-2\colab\train\train_0344.jpg,True,720,960,0.75,RGB,count
train_0345.jpg,train/train_0345.jpg,c:\Users\SSAFY\Desktop\2026-ssafy-ai-15-2\colab\train\train_0345.jpg,True,720,960,0.75,RGB,location
train_0346.jpg,train/train_0346.jpg,c:\Users\SSAFY\Desktop\2026-ssafy-ai-15-2\colab\train\train_0346.jpg,True,720,960,0.75,RGB,material
train_0347.jpg,train/train_0347.jpg,c:\Users\SSAFY\Desktop\2026-ssafy-ai-15-2\colab\train\train_0347.jpg,True,960,720,1.3333,RGB,location
train_0348.jpg,train/train_0348.jpg,c:\Users\SSAFY\Desktop\2026-ssafy-ai-15-2\colab\train\train_0348.jpg,True,720,960,0.75,RGB,material
train_0349.jpg,train/train_0349.jpg,c:\Users\SSAFY\Desktop\2026-ssafy-ai-15-2\colab\train\train_0349.jpg,True,720,1280,0.5625,RGB,classification
train_0350.jpg,train/train_0350.jpg,c:\Users\SSAFY\Desktop\2026-ssafy-ai-15-2\colab\train\train_0350.jpg,True,720,1561,0.4612,RGB,material
train_0351.jpg,train/train_0351.jpg,c:\Users\SSAFY\Desktop\2026-ssafy-ai-15-2\colab\train\train_0351.jpg,True,720,960,0.75,RGB,classification
train_0352.jpg,train/train_0352.jpg,c:\Users\SSAFY\Desktop\2026-ssafy-ai-15-2\colab\train\train_0352.jpg,True,960,720,1.3333,RGB,material
train_0353.jpg,train/train_0353.jpg,c:\Users\SSAFY\Desktop\2026-ssafy-ai-15-2\colab\train\train_0353.jpg,True,720,960,0.75,RGB,material
train_0354.jpg,train/train_0354.jpg,c:\Users\SSAFY\Desktop\2026-ssafy-ai-15-2\colab\train\train_0354.jpg,True,720,960,0.75,RGB,classification
train_0355.jpg,train/train_0355.jpg,c:\Users\SSAFY\Desktop\2026-ssafy-ai-15-2\colab\train\train_0355.jpg,True,720,960,0.75,RGB,material
train_0356.jpg,train/train_0356.jpg,c:\Users\SSAFY\Desktop\2026-ssafy-ai-15-2\colab\train\train_0356.jpg,True,720,960,0.75,RGB,count
train_0357.jpg,train/train_0357.jpg,c:\Users\SSAFY\Desktop\2026-ssafy-ai-15-2\colab\train\train_0357.jpg,True,720,960,0.75,RGB,count
train_0358.jpg,train/train_0358.jpg,c:\Users\SSAFY\Desktop\2026-ssafy-ai-15-2\colab\train\train_0358.jpg,True,720,960,0.75,RGB,location
train_0359.jpg,train/train_0359.jpg,c:\Users\SSAFY\Desktop\2026-ssafy-ai-15-2\colab\train\train_0359.jpg,True,720,960,0.75,RGB,material
train_0360.jpg,train/train_0360.jpg,c:\Users\SSAFY\Desktop\2026-ssafy-ai-15-2\colab\train\train_0360.jpg,True,960,720,1.3333,RGB,classification
train_0361.jpg,train/train_0361.jpg,c:\Users\SSAFY\Desktop\2026-ssafy-ai-15-2\colab\train\train_0361.jpg,True,960,720,1.3333,RGB,count
train_0362.jpg,train/train_0362.jpg,c:\Users\SSAFY\Desktop\2026-ssafy-ai-15-2\colab\train\train_0362.jpg,True,960,720,1.3333,RGB,color
train_0363.jpg,train/train_0363.jpg,c:\Users\SSAFY\Desktop\2026-ssafy-ai-15-2\colab\train\train_0363.jpg,True,720,960,0.75,RGB,location
train_0364.jpg,train/train_0364.jpg,c:\Users\SSAFY\Desktop\2026-ssafy-ai-15-2\colab\train\train_0364.jpg,True,720,1560,0.4615,RGB,classification
train_0365.jpg,train/train_0365.jpg,c:\Users\SSAFY\Desktop\2026-ssafy-ai-15-2\colab\train\train_0365.jpg,True,960,720,1.3333,RGB,classification
train_0366.jpg,train/train_0366.jpg,c:\Users\SSAFY\Desktop\2026-ssafy-ai-15-2\colab\train\train_0366.jpg,True,960,720,1.3333,RGB,classification
train_0367.jpg,train/train_0367.jpg,c:\Users\SSAFY\Desktop\2026-ssafy-ai-15-2\colab\train\train_0367.jpg,True,960,720,1.3333,RGB,material
train_0368.jpg,train/train_0368.jpg,c:\Users\SSAFY\Desktop\2026-ssafy-ai-15-2\colab\train\train_0368.jpg,True,720,960,0.75,RGB,location
train_0369.jpg,train/train_0369.jpg,c:\Users\SSAFY\Desktop\2026-ssafy-ai-15-2\colab\train\train_0369.jpg,True,720,960,0.75,RGB,count
train_0370.jpg,train/train_0370.jpg,c:\Users\SSAFY\Desktop\2026-ssafy-ai-15-2\colab\train\train_0370.jpg,True,720,960,0.75,RGB,material
train_0371.jpg,train/train_0371.jpg,c:\Users\SSAFY\Desktop\2026-ssafy-ai-15-2\colab\train\train_0371.jpg,True,720,960,0.75,RGB,count
train_0372.jpg,train/train_0372.jpg,c:\Users\SSAFY\Desktop\2026-ssafy-ai-15-2\colab\train\train_0372.jpg,True,720,1521,0.4734,RGB,classification
train_0373.jpg,train/train_0373.jpg,c:\Users\SSAFY\Desktop\2026-ssafy-ai-15-2\colab\train\train_0373.jpg,True,960,720,1.3333,RGB,color
train_0374.jpg,train/train_0374.jpg,c:\Users\SSAFY\Desktop\2026-ssafy-ai-15-2\colab\train\train_0374.jpg,True,720,960,0.75,RGB,material
train_0375.jpg,train/train_0375.jpg,c:\Users\SSAFY\Desktop\2026-ssafy-ai-15-2\colab\train\train_0375.jpg,True,720,960,0.75,RGB,material
train_0376.jpg,train/train_0376.jpg,c:\Users\SSAFY\Desktop\2026-ssafy-ai-15-2\colab\train\train_0376.jpg,True,1278,720,1.775,RGB,material
train_0377.jpg,train/train_0377.jpg,c:\Users\SSAFY\Desktop\2026-ssafy-ai-15-2\colab\train\train_0377.jpg,True,720,960,0.75,RGB,classification
train_0378.jpg,train/train_0378.jpg,c:\Users\SSAFY\Desktop\2026-ssafy-ai-15-2\colab\train\train_0378.jpg,True,783,720,1.0875,RGB,count
train_0379.jpg,train/train_0379.jpg,c:\Users\SSAFY\Desktop\2026-ssafy-ai-15-2\colab\train\train_0379.jpg,True,720,960,0.75,RGB,count
train_0380.jpg,train/train_0380.jpg,c:\Users\SSAFY\Desktop\2026-ssafy-ai-15-2\colab\train\train_0380.jpg,True,960,720,1.3333,RGB,count
train_0381.jpg,train/train_0381.jpg,c:\Users\SSAFY\Desktop\2026-ssafy-ai-15-2\colab\train\train_0381.jpg,True,720,960,0.75,RGB,count
train_0382.jpg,train/train_0382.jpg,c:\Users\SSAFY\Desktop\2026-ssafy-ai-15-2\colab\train\train_0382.jpg,True,960,720,1.3333,RGB,count
train_0383.jpg,train/train_0383.jpg,c:\Users\SSAFY\Desktop\2026-ssafy-ai-15-2\colab\train\train_0383.jpg,True,720,960,0.75,RGB,material
train_0384.jpg,train/train_0384.jpg,c:\Users\SSAFY\Desktop\2026-ssafy-ai-15-2\colab\train\train_0384.jpg,True,720,960,0.75,RGB,count
train_0385.jpg,train/train_0385.jpg,c:\Users\SSAFY\Desktop\2026-ssafy-ai-15-2\colab\train\train_0385.jpg,True,720,1548,0.4651,RGB,classification
train_0386.jpg,train/train_0386.jpg,c:\Users\SSAFY\Desktop\2026-ssafy-ai-15-2\colab\train\train_0386.jpg,True,720,960,0.75,RGB,classification
train_0387.jpg,train/train_0387.jpg,c:\Users\SSAFY\Desktop\2026-ssafy-ai-15-2\colab\train\train_0387.jpg,True,720,960,0.75,RGB,classification
train_0388.jpg,train/train_0388.jpg,c:\Users\SSAFY\Desktop\2026-ssafy-ai-15-2\colab\train\train_0388.jpg,True,720,960,0.75,RGB,count
train_0389.jpg,train/train_0389.jpg,c:\Users\SSAFY\Desktop\2026-ssafy-ai-15-2\colab\train\train_0389.jpg,True,720,960,0.75,RGB,classification
train_0390.jpg,train/train_0390.jpg,c:\Users\SSAFY\Desktop\2026-ssafy-ai-15-2\colab\train\train_0390.jpg,True,720,960,0.75,RGB,material
train_0391.jpg,train/train_0391.jpg,c:\Users\SSAFY\Desktop\2026-ssafy-ai-15-2\colab\train\train_0391.jpg,True,720,960,0.75,RGB,classification
train_0392.jpg,train/train_0392.jpg,c:\Users\SSAFY\Desktop\2026-ssafy-ai-15-2\colab\train\train_0392.jpg,True,720,960,0.75,RGB,material
train_0393.jpg,train/train_0393.jpg,c:\Users\SSAFY\Desktop\2026-ssafy-ai-15-2\colab\train\train_0393.jpg,True,720,960,0.75,RGB,count
train_0394.jpg,train/train_0394.jpg,c:\Users\SSAFY\Desktop\2026-ssafy-ai-15-2\colab\train\train_0394.jpg,True,977,720,1.3569,RGB,count
train_0395.jpg,train/train_0395.jpg,c:\Users\SSAFY\Desktop\2026-ssafy-ai-15-2\colab\train\train_0395.jpg,True,720,960,0.75,RGB,count
train_0396.jpg,train/train_0396.jpg,c:\Users\SSAFY\Desktop\2026-ssafy-ai-15-2\colab\train\train_0396.jpg,True,720,960,0.75,RGB,count
train_0397.jpg,train/train_0397.jpg,c:\Users\SSAFY\Desktop\2026-ssafy-ai-15-2\colab\train\train_0397.jpg,True,720,960,0.75,RGB,count
train_0398.jpg,train/train_0398.jpg,c:\Users\SSAFY\Desktop\2026-ssafy-ai-15-2\colab\train\train_0398.jpg,True,720,960,0.75,RGB,classification
train_0399.jpg,train/train_0399.jpg,c:\Users\SSAFY\Desktop\2026-ssafy-ai-15-2\colab\train\train_0399.jpg,True,720,960,0.75,RGB,count
train_0400.jpg,train/train_0400.jpg,c:\Users\SSAFY\Desktop\2026-ssafy-ai-15-2\colab\train\train_0400.jpg,True,720,960,0.75,RGB,material
train_0401.jpg,train/train_0401.jpg,c:\Users\SSAFY\Desktop\2026-ssafy-ai-15-2\colab\train\train_0401.jpg,True,720,960,0.75,RGB,classification
train_0402.jpg,train/train_0402.jpg,c:\Users\SSAFY\Desktop\2026-ssafy-ai-15-2\colab\train\train_0402.jpg,True,720,1278,0.5634,RGB,count
train_0403.jpg,train/train_0403.jpg,c:\Users\SSAFY\Desktop\2026-ssafy-ai-15-2\colab\train\train_0403.jpg,True,720,960,0.75,RGB,material
train_0404.jpg,train/train_0404.jpg,c:\Users\SSAFY\Desktop\2026-ssafy-ai-15-2\colab\train\train_0404.jpg,True,720,960,0.75,RGB,classification
train_0405.jpg,train/train_0405.jpg,c:\Users\SSAFY\Desktop\2026-ssafy-ai-15-2\colab\train\train_0405.jpg,True,720,960,0.75,RGB,count
train_0406.jpg,train/train_0406.jpg,c:\Users\SSAFY\Desktop\2026-ssafy-ai-15-2\colab\train\train_0406.jpg,True,720,899,0.8009,RGB,count
train_0407.jpg,train/train_0407.jpg,c:\Users\SSAFY\Desktop\2026-ssafy-ai-15-2\colab\train\train_0407.jpg,True,959,720,1.3319,RGB,count
train_0408.jpg,train/train_0408.jpg,c:\Users\SSAFY\Desktop\2026-ssafy-ai-15-2\colab\train\train_0408.jpg,True,720,960,0.75,RGB,material
train_0409.jpg,train/train_0409.jpg,c:\Users\SSAFY\Desktop\2026-ssafy-ai-15-2\colab\train\train_0409.jpg,True,720,960,0.75,RGB,material
train_0410.jpg,train/train_0410.jpg,c:\Users\SSAFY\Desktop\2026-ssafy-ai-15-2\colab\train\train_0410.jpg,True,720,960,0.75,RGB,material
train_0411.jpg,train/train_0411.jpg,c:\Users\SSAFY\Desktop\2026-ssafy-ai-15-2\colab\train\train_0411.jpg,True,720,960,0.75,RGB,material
train_0412.jpg,train/train_0412.jpg,c:\Users\SSAFY\Desktop\2026-ssafy-ai-15-2\colab\train\train_0412.jpg,True,720,960,0.75,RGB,count
train_0413.jpg,train/train_0413.jpg,c:\Users\SSAFY\Desktop\2026-ssafy-ai-15-2\colab\train\train_0413.jpg,True,720,960,0.75,RGB,location
train_0414.jpg,train/train_0414.jpg,c:\Users\SSAFY\Desktop\2026-ssafy-ai-15-2\colab\train\train_0414.jpg,True,720,960,0.75,RGB,material
train_0415.jpg,train/train_0415.jpg,c:\Users\SSAFY\Desktop\2026-ssafy-ai-15-2\colab\train\train_0415.jpg,True,720,720,1.0,RGB,classification
train_0416.jpg,train/train_0416.jpg,c:\Users\SSAFY\Desktop\2026-ssafy-ai-15-2\colab\train\train_0416.jpg,True,720,1280,0.5625,RGB,count
train_0417.jpg,train/train_0417.jpg,c:\Users\SSAFY\Desktop\2026-ssafy-ai-15-2\colab\train\train_0417.jpg,True,720,1558,0.4621,RGB,material
train_0418.jpg,train/train_0418.jpg,c:\Users\SSAFY\Desktop\2026-ssafy-ai-15-2\colab\train\train_0418.jpg,True,720,960,0.75,RGB,count
train_0419.jpg,train/train_0419.jpg,c:\Users\SSAFY\Desktop\2026-ssafy-ai-15-2\colab\train\train_0419.jpg,True,720,720,1.0,RGB,classification
train_0420.jpg,train/train_0420.jpg,c:\Users\SSAFY\Desktop\2026-ssafy-ai-15-2\colab\train\train_0420.jpg,True,720,959,0.7508,RGB,count
train_0421.jpg,train/train_0421.jpg,c:\Users\SSAFY\Desktop\2026-ssafy-ai-15-2\colab\train\train_0421.jpg,True,720,720,1.0,RGB,count
train_0422.jpg,train/train_0422.jpg,c:\Users\SSAFY\Desktop\2026-ssafy-ai-15-2\colab\train\train_0422.jpg,True,720,1600,0.45,RGB,material
train_0423.jpg,train/train_0423.jpg,c:\Users\SSAFY\Desktop\2026-ssafy-ai-15-2\colab\train\train_0423.jpg,True,720,1280,0.5625,RGB,classification
train_0424.jpg,train/train_0424.jpg,c:\Users\SSAFY\Desktop\2026-ssafy-ai-15-2\colab\train\train_0424.jpg,True,1280,720,1.7778,RGB,count
train_0425.jpg,train/train_0425.jpg,c:\Users\SSAFY\Desktop\2026-ssafy-ai-15-2\colab\train\train_0425.jpg,True,720,960,0.75,RGB,count
train_0426.jpg,train/train_0426.jpg,c:\Users\SSAFY\Desktop\2026-ssafy-ai-15-2\colab\train\train_0426.jpg,True,720,960,0.75,RGB,material
train_0427.jpg,train/train_0427.jpg,c:\Users\SSAFY\Desktop\2026-ssafy-ai-15-2\colab\train\train_0427.jpg,True,720,960,0.75,RGB,material
train_0428.jpg,train/train_0428.jpg,c:\Users\SSAFY\Desktop\2026-ssafy-ai-15-2\colab\train\train_0428.jpg,True,720,960,0.75,RGB,classification
train_0429.jpg,train/train_0429.jpg,c:\Users\SSAFY\Desktop\2026-ssafy-ai-15-2\colab\train\train_0429.jpg,True,960,720,1.3333,RGB,material
train_0430.jpg,train/train_0430.jpg,c:\Users\SSAFY\Desktop\2026-ssafy-ai-15-2\colab\train\train_0430.jpg,True,720,960,0.75,RGB,material
train_0431.jpg,train/train_0431.jpg,c:\Users\SSAFY\Desktop\2026-ssafy-ai-15-2\colab\train\train_0431.jpg,True,720,960,0.75,RGB,classification
train_0432.jpg,train/train_0432.jpg,c:\Users\SSAFY\Desktop\2026-ssafy-ai-15-2\colab\train\train_0432.jpg,True,720,960,0.75,RGB,count
train_0433.jpg,train/train_0433.jpg,c:\Users\SSAFY\Desktop\2026-ssafy-ai-15-2\colab\train\train_0433.jpg,True,720,960,0.75,RGB,count
train_0434.jpg,train/train_0434.jpg,c:\Users\SSAFY\Desktop\2026-ssafy-ai-15-2\colab\train\train_0434.jpg,True,720,960,0.75,RGB,classification
train_0435.jpg,train/train_0435.jpg,c:\Users\SSAFY\Desktop\2026-ssafy-ai-15-2\colab\train\train_0435.jpg,True,960,720,1.3333,RGB,classification
train_0436.jpg,train/train_0436.jpg,c:\Users\SSAFY\Desktop\2026-ssafy-ai-15-2\colab\train\train_0436.jpg,True,720,960,0.75,RGB,material
train_0437.jpg,train/train_0437.jpg,c:\Users\SSAFY\Desktop\2026-ssafy-ai-15-2\colab\train\train_0437.jpg,True,720,960,0.75,RGB,count
train_0438.jpg,train/train_0438.jpg,c:\Users\SSAFY\Desktop\2026-ssafy-ai-15-2\colab\train\train_0438.jpg,True,720,1280,0.5625,RGB,classification
train_0439.jpg,train/train_0439.jpg,c:\Users\SSAFY\Desktop\2026-ssafy-ai-15-2\colab\train\train_0439.jpg,True,720,960,0.75,RGB,material
train_0440.jpg,train/train_0440.jpg,c:\Users\SSAFY\Desktop\2026-ssafy-ai-15-2\colab\train\train_0440.jpg,True,720,960,0.75,RGB,count
train_0441.jpg,train/train_0441.jpg,c:\Users\SSAFY\Desktop\2026-ssafy-ai-15-2\colab\train\train_0441.jpg,True,720,960,0.75,RGB,count
train_0442.jpg,train/train_0442.jpg,c:\Users\SSAFY\Desktop\2026-ssafy-ai-15-2\colab\train\train_0442.jpg,True,720,960,0.75,RGB,classification
train_0443.jpg,train/train_0443.jpg,c:\Users\SSAFY\Desktop\2026-ssafy-ai-15-2\colab\train\train_0443.jpg,True,720,960,0.75,RGB,material
train_0444.jpg,train/train_0444.jpg,c:\Users\SSAFY\Desktop\2026-ssafy-ai-15-2\colab\train\train_0444.jpg,True,720,960,0.75,RGB,count
train_0445.jpg,train/train_0445.jpg,c:\Users\SSAFY\Desktop\2026-ssafy-ai-15-2\colab\train\train_0445.jpg,True,720,960,0.75,RGB,count
train_0446.jpg,train/train_0446.jpg,c:\Users\SSAFY\Desktop\2026-ssafy-ai-15-2\colab\train\train_0446.jpg,True,720,960,0.75,RGB,material
train_0447.jpg,train/train_0447.jpg,c:\Users\SSAFY\Desktop\2026-ssafy-ai-15-2\colab\train\train_0447.jpg,True,720,960,0.75,RGB,material
train_0448.jpg,train/train_0448.jpg,c:\Users\SSAFY\Desktop\2026-ssafy-ai-15-2\colab\train\train_0448.jpg,True,720,960,0.75,RGB,count
train_0449.jpg,train/train_0449.jpg,c:\Users\SSAFY\Desktop\2026-ssafy-ai-15-2\colab\train\train_0449.jpg,True,720,1558,0.4621,RGB,material
train_0450.jpg,train/train_0450.jpg,c:\Users\SSAFY\Desktop\2026-ssafy-ai-15-2\colab\train\train_0450.jpg,True,720,960,0.75,RGB,count
train_0451.jpg,train/train_0451.jpg,c:\Users\SSAFY\Desktop\2026-ssafy-ai-15-2\colab\train\train_0451.jpg,True,960,720,1.3333,RGB,count
train_0452.jpg,train/train_0452.jpg,c:\Users\SSAFY\Desktop\2026-ssafy-ai-15-2\colab\train\train_0452.jpg,True,720,960,0.75,RGB,count
train_0453.jpg,train/train_0453.jpg,c:\Users\SSAFY\Desktop\2026-ssafy-ai-15-2\colab\train\train_0453.jpg,True,720,1291,0.5577,RGB,material
train_0454.jpg,train/train_0454.jpg,c:\Users\SSAFY\Desktop\2026-ssafy-ai-15-2\colab\train\train_0454.jpg,True,720,960,0.75,RGB,material
train_0455.jpg,train/train_0455.jpg,c:\Users\SSAFY\Desktop\2026-ssafy-ai-15-2\colab\train\train_0455.jpg,True,720,1280,0.5625,RGB,material
train_0456.jpg,train/train_0456.jpg,c:\Users\SSAFY\Desktop\2026-ssafy-ai-15-2\colab\train\train_0456.jpg,True,720,960,0.75,RGB,count
train_0457.jpg,train/train_0457.jpg,c:\Users\SSAFY\Desktop\2026-ssafy-ai-15-2\colab\train\train_0457.jpg,True,720,960,0.75,RGB,classification
train_0458.jpg,train/train_0458.jpg,c:\Users\SSAFY\Desktop\2026-ssafy-ai-15-2\colab\train\train_0458.jpg,True,720,960,0.75,RGB,material
train_0459.jpg,train/train_0459.jpg,c:\Users\SSAFY\Desktop\2026-ssafy-ai-15-2\colab\train\train_0459.jpg,True,960,720,1.3333,RGB,count
train_0460.jpg,train/train_0460.jpg,c:\Users\SSAFY\Desktop\2026-ssafy-ai-15-2\colab\train\train_0460.jpg,True,960,720,1.3333,RGB,material
train_0461.jpg,train/train_0461.jpg,c:\Users\SSAFY\Desktop\2026-ssafy-ai-15-2\colab\train\train_0461.jpg,True,720,960,0.75,RGB,classification
train_0462.jpg,train/train_0462.jpg,c:\Users\SSAFY\Desktop\2026-ssafy-ai-15-2\colab\train\train_0462.jpg,True,720,960,0.75,RGB,count
train_0463.jpg,train/train_0463.jpg,c:\Users\SSAFY\Desktop\2026-ssafy-ai-15-2\colab\train\train_0463.jpg,True,720,720,1.0,RGB,material
train_0464.jpg,train/train_0464.jpg,c:\Users\SSAFY\Desktop\2026-ssafy-ai-15-2\colab\train\train_0464.jpg,True,720,960,0.75,RGB,material
train_0465.jpg,train/train_0465.jpg,c:\Users\SSAFY\Desktop\2026-ssafy-ai-15-2\colab\train\train_0465.jpg,True,720,960,0.75,RGB,material
train_0466.jpg,train/train_0466.jpg,c:\Users\SSAFY\Desktop\2026-ssafy-ai-15-2\colab\train\train_0466.jpg,True,720,960,0.75,RGB,color
train_0467.jpg,train/train_0467.jpg,c:\Users\SSAFY\Desktop\2026-ssafy-ai-15-2\colab\train\train_0467.jpg,True,720,1278,0.5634,RGB,material
train_0468.jpg,train/train_0468.jpg,c:\Users\SSAFY\Desktop\2026-ssafy-ai-15-2\colab\train\train_0468.jpg,True,720,960,0.75,RGB,count
train_0469.jpg,train/train_0469.jpg,c:\Users\SSAFY\Desktop\2026-ssafy-ai-15-2\colab\train\train_0469.jpg,True,720,1280,0.5625,RGB,material
train_0470.jpg,train/train_0470.jpg,c:\Users\SSAFY\Desktop\2026-ssafy-ai-15-2\colab\train\train_0470.jpg,True,720,960,0.75,RGB,count
train_0471.jpg,train/train_0471.jpg,c:\Users\SSAFY\Desktop\2026-ssafy-ai-15-2\colab\train\train_0471.jpg,True,720,960,0.75,RGB,material
train_0472.jpg,train/train_0472.jpg,c:\Users\SSAFY\Desktop\2026-ssafy-ai-15-2\colab\train\train_0472.jpg,True,960,720,1.3333,RGB,material
train_0473.jpg,train/train_0473.jpg,c:\Users\SSAFY\Desktop\2026-ssafy-ai-15-2\colab\train\train_0473.jpg,True,720,960,0.75,RGB,classification
train_0474.jpg,train/train_0474.jpg,c:\Users\SSAFY\Desktop\2026-ssafy-ai-15-2\colab\train\train_0474.jpg,True,720,960,0.75,RGB,classification
train_0475.jpg,train/train_0475.jpg,c:\Users\SSAFY\Desktop\2026-ssafy-ai-15-2\colab\train\train_0475.jpg,True,720,960,0.75,RGB,color
train_0476.jpg,train/train_0476.jpg,c:\Users\SSAFY\Desktop\2026-ssafy-ai-15-2\colab\train\train_0476.jpg,True,720,960,0.75,RGB,other
train_0477.jpg,train/train_0477.jpg,c:\Users\SSAFY\Desktop\2026-ssafy-ai-15-2\colab\train\train_0477.jpg,True,720,960,0.75,RGB,material
train_0478.jpg,train/train_0478.jpg,c:\Users\SSAFY\Desktop\2026-ssafy-ai-15-2\colab\train\train_0478.jpg,True,720,960,0.75,RGB,material
train_0479.jpg,train/train_0479.jpg,c:\Users\SSAFY\Desktop\2026-ssafy-ai-15-2\colab\train\train_0479.jpg,True,720,960,0.75,RGB,classification
train_0480.jpg,train/train_0480.jpg,c:\Users\SSAFY\Desktop\2026-ssafy-ai-15-2\colab\train\train_0480.jpg,True,720,960,0.75,RGB,classification
train_0481.jpg,train/train_0481.jpg,c:\Users\SSAFY\Desktop\2026-ssafy-ai-15-2\colab\train\train_0481.jpg,True,720,960,0.75,RGB,classification
train_0482.jpg,train/train_0482.jpg,c:\Users\SSAFY\Desktop\2026-ssafy-ai-15-2\colab\train\train_0482.jpg,True,720,960,0.75,RGB,location
train_0483.jpg,train/train_0483.jpg,c:\Users\SSAFY\Desktop\2026-ssafy-ai-15-2\colab\train\train_0483.jpg,True,720,960,0.75,RGB,classification
train_0484.jpg,train/train_0484.jpg,c:\Users\SSAFY\Desktop\2026-ssafy-ai-15-2\colab\train\train_0484.jpg,True,720,807,0.8922,RGB,classification
train_0485.jpg,train/train_0485.jpg,c:\Users\SSAFY\Desktop\2026-ssafy-ai-15-2\colab\train\train_0485.jpg,True,720,960,0.75,RGB,classification
train_0486.jpg,train/train_0486.jpg,c:\Users\SSAFY\Desktop\2026-ssafy-ai-15-2\colab\train\train_0486.jpg,True,720,1558,0.4621,RGB,classification
train_0487.jpg,train/train_0487.jpg,c:\Users\SSAFY\Desktop\2026-ssafy-ai-15-2\colab\train\train_0487.jpg,True,720,960,0.75,RGB,color
train_0488.jpg,train/train_0488.jpg,c:\Users\SSAFY\Desktop\2026-ssafy-ai-15-2\colab\train\train_0488.jpg,True,960,720,1.3333,RGB,material
train_0489.jpg,train/train_0489.jpg,c:\Users\SSAFY\Desktop\2026-ssafy-ai-15-2\colab\train\train_0489.jpg,True,960,720,1.3333,RGB,material
train_0490.jpg,train/train_0490.jpg,c:\Users\SSAFY\Desktop\2026-ssafy-ai-15-2\colab\train\train_0490.jpg,True,720,960,0.75,RGB,classification
train_0491.jpg,train/train_0491.jpg,c:\Users\SSAFY\Desktop\2026-ssafy-ai-15-2\colab\train\train_0491.jpg,True,720,720,1.0,RGB,count
train_0492.jpg,train/train_0492.jpg,c:\Users\SSAFY\Desktop\2026-ssafy-ai-15-2\colab\train\train_0492.jpg,True,720,960,0.75,RGB,count
train_0493.jpg,train/train_0493.jpg,c:\Users\SSAFY\Desktop\2026-ssafy-ai-15-2\colab\train\train_0493.jpg,True,720,960,0.75,RGB,count
train_0494.jpg,train/train_0494.jpg,c:\Users\SSAFY\Desktop\2026-ssafy-ai-15-2\colab\train\train_0494.jpg,True,720,1280,0.5625,RGB,other
train_0495.jpg,train/train_0495.jpg,c:\Users\SSAFY\Desktop\2026-ssafy-ai-15-2\colab\train\train_0495.jpg,True,720,960,0.75,RGB,count
train_0496.jpg,train/train_0496.jpg,c:\Users\SSAFY\Desktop\2026-ssafy-ai-15-2\colab\train\train_0496.jpg,True,720,1600,0.45,RGB,material
train_0497.jpg,train/train_0497.jpg,c:\Users\SSAFY\Desktop\2026-ssafy-ai-15-2\colab\train\train_0497.jpg,True,720,959,0.7508,RGB,material
train_0498.jpg,train/train_0498.jpg,c:\Users\SSAFY\Desktop\2026-ssafy-ai-15-2\colab\train\train_0498.jpg,True,720,959,0.7508,RGB,material
train_0499.jpg,train/train_0499.jpg,c:\Users\SSAFY\Desktop\2026-ssafy-ai-15-2\colab\train\train_0499.jpg,True,720,1280,0.5625,RGB,material
train_0500.jpg,train/train_0500.jpg,c:\Users\SSAFY\Desktop\2026-ssafy-ai-15-2\colab\train\train_0500.jpg,True,960,720,1.3333,RGB,material
